kernel,dtype,shape,Ma,Ka,Na,method,mc,kc,nc,reps,median_seconds
ScalarKernel,Float64,64^3,64,64,64,execute!,64,128,768,5,0.000088101
ScalarKernel,Float64,128^3,128,128,128,execute!,64,128,768,5,0.000667368
ScalarKernel,Float64,256^3,256,256,256,execute!,64,128,768,5,0.005187001
ScalarKernel,Float64,512^3,512,512,512,execute!,64,128,768,5,0.040855563
ScalarKernel,Float64,shallowK_256x24x256,256,24,256,execute!,64,128,768,5,0.000569435
ScalarKernel,Float64,64^3,64,64,64,execute!,64,128,1536,5,0.000091906
ScalarKernel,Float64,128^3,128,128,128,execute!,64,128,1536,5,0.000647434
ScalarKernel,Float64,256^3,256,256,256,execute!,64,128,1536,5,0.005137395
ScalarKernel,Float64,512^3,512,512,512,execute!,64,128,1536,5,0.041073149
ScalarKernel,Float64,shallowK_256x24x256,256,24,256,execute!,64,128,1536,5,0.000578800
ScalarKernel,Float64,64^3,64,64,64,execute!,64,128,3072,5,0.000087060
ScalarKernel,Float64,128^3,128,128,128,execute!,64,128,3072,5,0.000651180
ScalarKernel,Float64,256^3,256,256,256,execute!,64,128,3072,5,0.005101497
ScalarKernel,Float64,512^3,512,512,512,execute!,64,128,3072,5,0.040680586
ScalarKernel,Float64,shallowK_256x24x256,256,24,256,execute!,64,128,3072,5,0.000564972
ScalarKernel,Float64,64^3,64,64,64,execute!,128,128,768,5,0.000086949
ScalarKernel,Float64,128^3,128,128,128,execute!,128,128,768,5,0.000655723
ScalarKernel,Float64,256^3,256,256,256,execute!,128,128,768,5,0.005141593
ScalarKernel,Float64,512^3,512,512,512,execute!,128,128,768,5,0.040929615
ScalarKernel,Float64,shallowK_256x24x256,256,24,256,execute!,128,128,768,5,0.000579898
ScalarKernel,Float64,64^3,64,64,64,execute!,128,128,1536,5,0.000089363
ScalarKernel,Float64,128^3,128,128,128,execute!,128,128,1536,5,0.000654211
ScalarKernel,Float64,256^3,256,256,256,execute!,128,128,1536,5,0.005083919
ScalarKernel,Float64,512^3,512,512,512,execute!,128,128,1536,5,0.040846521
ScalarKernel,Float64,shallowK_256x24x256,256,24,256,execute!,128,128,1536,5,0.000585712
ScalarKernel,Float64,64^3,64,64,64,execute!,128,128,3072,5,0.000089260
ScalarKernel,Float64,128^3,128,128,128,execute!,128,128,3072,5,0.000654559
ScalarKernel,Float64,256^3,256,256,256,execute!,128,128,3072,5,0.005118785
ScalarKernel,Float64,512^3,512,512,512,execute!,128,128,3072,5,0.040860879
ScalarKernel,Float64,shallowK_256x24x256,256,24,256,execute!,128,128,3072,5,0.000599815
ScalarKernel,Float64,64^3,64,64,64,execute!,256,128,768,5,0.000091403
ScalarKernel,Float64,128^3,128,128,128,execute!,256,128,768,5,0.000665563
ScalarKernel,Float64,256^3,256,256,256,execute!,256,128,768,5,0.005098774
ScalarKernel,Float64,512^3,512,512,512,execute!,256,128,768,5,0.040843041
ScalarKernel,Float64,shallowK_256x24x256,256,24,256,execute!,256,128,768,5,0.000583431
ScalarKernel,Float64,64^3,64,64,64,execute!,256,128,1536,5,0.000087053
ScalarKernel,Float64,128^3,128,128,128,execute!,256,128,1536,5,0.000650598
ScalarKernel,Float64,256^3,256,256,256,execute!,256,128,1536,5,0.005119446
ScalarKernel,Float64,512^3,512,512,512,execute!,256,128,1536,5,0.040782118
ScalarKernel,Float64,shallowK_256x24x256,256,24,256,execute!,256,128,1536,5,0.000581807
ScalarKernel,Float64,64^3,64,64,64,execute!,256,128,3072,5,0.000087685
ScalarKernel,Float64,128^3,128,128,128,execute!,256,128,3072,5,0.000655598
ScalarKernel,Float64,256^3,256,256,256,execute!,256,128,3072,5,0.005034205
ScalarKernel,Float64,512^3,512,512,512,execute!,256,128,3072,5,0.040447515
ScalarKernel,Float64,shallowK_256x24x256,256,24,256,execute!,256,128,3072,5,0.000587576
ScalarKernel,Float64,64^3,64,64,64,execute!,512,128,768,5,0.000089170
ScalarKernel,Float64,128^3,128,128,128,execute!,512,128,768,5,0.000674611
ScalarKernel,Float64,256^3,256,256,256,execute!,512,128,768,5,0.005130742
ScalarKernel,Float64,512^3,512,512,512,execute!,512,128,768,5,0.040766380
ScalarKernel,Float64,shallowK_256x24x256,256,24,256,execute!,512,128,768,5,0.000597927
ScalarKernel,Float64,64^3,64,64,64,execute!,512,128,1536,5,0.000089739
ScalarKernel,Float64,128^3,128,128,128,execute!,512,128,1536,5,0.000655201
ScalarKernel,Float64,256^3,256,256,256,execute!,512,128,1536,5,0.005074364
ScalarKernel,Float64,512^3,512,512,512,execute!,512,128,1536,5,0.040407719
ScalarKernel,Float64,shallowK_256x24x256,256,24,256,execute!,512,128,1536,5,0.000578713
ScalarKernel,Float64,64^3,64,64,64,execute!,512,128,3072,5,0.000088410
ScalarKernel,Float64,128^3,128,128,128,execute!,512,128,3072,5,0.000660768
ScalarKernel,Float64,256^3,256,256,256,execute!,512,128,3072,5,0.005121685
ScalarKernel,Float64,512^3,512,512,512,execute!,512,128,3072,5,0.040782675
ScalarKernel,Float64,shallowK_256x24x256,256,24,256,execute!,512,128,3072,5,0.000579709
ScalarKernel,Float64,64^3,64,64,64,execute!,64,256,768,5,0.000089179
ScalarKernel,Float64,128^3,128,128,128,execute!,64,256,768,5,0.000672941
ScalarKernel,Float64,256^3,256,256,256,execute!,64,256,768,5,0.004939017
ScalarKernel,Float64,512^3,512,512,512,execute!,64,256,768,5,0.039381201
ScalarKernel,Float64,shallowK_256x24x256,256,24,256,execute!,64,256,768,5,0.000570010
ScalarKernel,Float64,64^3,64,64,64,execute!,64,256,1536,5,0.000087320
ScalarKernel,Float64,128^3,128,128,128,execute!,64,256,1536,5,0.000660914
ScalarKernel,Float64,256^3,256,256,256,execute!,64,256,1536,5,0.005019861
ScalarKernel,Float64,512^3,512,512,512,execute!,64,256,1536,5,0.039870422
ScalarKernel,Float64,shallowK_256x24x256,256,24,256,execute!,64,256,1536,5,0.000577065
ScalarKernel,Float64,64^3,64,64,64,execute!,64,256,3072,5,0.000086854
ScalarKernel,Float64,128^3,128,128,128,execute!,64,256,3072,5,0.000658739
ScalarKernel,Float64,256^3,256,256,256,execute!,64,256,3072,5,0.004923938
ScalarKernel,Float64,512^3,512,512,512,execute!,64,256,3072,5,0.039753862
ScalarKernel,Float64,shallowK_256x24x256,256,24,256,execute!,64,256,3072,5,0.000577693
ScalarKernel,Float64,64^3,64,64,64,execute!,128,256,768,5,0.000091697
ScalarKernel,Float64,128^3,128,128,128,execute!,128,256,768,5,0.000648544
ScalarKernel,Float64,256^3,256,256,256,execute!,128,256,768,5,0.005011502
ScalarKernel,Float64,512^3,512,512,512,execute!,128,256,768,5,0.039550913
ScalarKernel,Float64,shallowK_256x24x256,256,24,256,execute!,128,256,768,5,0.000584871
ScalarKernel,Float64,64^3,64,64,64,execute!,128,256,1536,5,0.000087637
ScalarKernel,Float64,128^3,128,128,128,execute!,128,256,1536,5,0.000651234
ScalarKernel,Float64,256^3,256,256,256,execute!,128,256,1536,5,0.004933770
ScalarKernel,Float64,512^3,512,512,512,execute!,128,256,1536,5,0.039555609
ScalarKernel,Float64,shallowK_256x24x256,256,24,256,execute!,128,256,1536,5,0.000586119
ScalarKernel,Float64,64^3,64,64,64,execute!,128,256,3072,5,0.000087283
ScalarKernel,Float64,128^3,128,128,128,execute!,128,256,3072,5,0.000652471
ScalarKernel,Float64,256^3,256,256,256,execute!,128,256,3072,5,0.004985562
ScalarKernel,Float64,512^3,512,512,512,execute!,128,256,3072,5,0.039331542
ScalarKernel,Float64,shallowK_256x24x256,256,24,256,execute!,128,256,3072,5,0.000584003
ScalarKernel,Float64,64^3,64,64,64,execute!,256,256,768,5,0.000090239
ScalarKernel,Float64,128^3,128,128,128,execute!,256,256,768,5,0.000660344
ScalarKernel,Float64,256^3,256,256,256,execute!,256,256,768,5,0.004969421
ScalarKernel,Float64,512^3,512,512,512,execute!,256,256,768,5,0.039535286
ScalarKernel,Float64,shallowK_256x24x256,256,24,256,execute!,256,256,768,5,0.000579237
ScalarKernel,Float64,64^3,64,64,64,execute!,256,256,1536,5,0.000089715
ScalarKernel,Float64,128^3,128,128,128,execute!,256,256,1536,5,0.000652704
ScalarKernel,Float64,256^3,256,256,256,execute!,256,256,1536,5,0.004980720
ScalarKernel,Float64,512^3,512,512,512,execute!,256,256,1536,5,0.039378492
ScalarKernel,Float64,shallowK_256x24x256,256,24,256,execute!,256,256,1536,5,0.000584539
ScalarKernel,Float64,64^3,64,64,64,execute!,256,256,3072,5,0.000087068
ScalarKernel,Float64,128^3,128,128,128,execute!,256,256,3072,5,0.000657779
ScalarKernel,Float64,256^3,256,256,256,execute!,256,256,3072,5,0.004947157
ScalarKernel,Float64,512^3,512,512,512,execute!,256,256,3072,5,0.039833372
ScalarKernel,Float64,shallowK_256x24x256,256,24,256,execute!,256,256,3072,5,0.000590231
ScalarKernel,Float64,64^3,64,64,64,execute!,512,256,768,5,0.000090170
ScalarKernel,Float64,128^3,128,128,128,execute!,512,256,768,5,0.000668685
ScalarKernel,Float64,256^3,256,256,256,execute!,512,256,768,5,0.004962555
ScalarKernel,Float64,512^3,512,512,512,execute!,512,256,768,5,0.039752326
ScalarKernel,Float64,shallowK_256x24x256,256,24,256,execute!,512,256,768,5,0.000577033
ScalarKernel,Float64,64^3,64,64,64,execute!,512,256,1536,5,0.000086955
ScalarKernel,Float64,128^3,128,128,128,execute!,512,256,1536,5,0.000653594
ScalarKernel,Float64,256^3,256,256,256,execute!,512,256,1536,5,0.004968438
ScalarKernel,Float64,512^3,512,512,512,execute!,512,256,1536,5,0.040127732
ScalarKernel,Float64,shallowK_256x24x256,256,24,256,execute!,512,256,1536,5,0.000578885
ScalarKernel,Float64,64^3,64,64,64,execute!,512,256,3072,5,0.000087410
ScalarKernel,Float64,128^3,128,128,128,execute!,512,256,3072,5,0.000652787
ScalarKernel,Float64,256^3,256,256,256,execute!,512,256,3072,5,0.004989031
ScalarKernel,Float64,512^3,512,512,512,execute!,512,256,3072,5,0.039561832
ScalarKernel,Float64,shallowK_256x24x256,256,24,256,execute!,512,256,3072,5,0.000587931
ScalarKernel,Float64,64^3,64,64,64,execute!,64,512,768,5,0.000087385
ScalarKernel,Float64,128^3,128,128,128,execute!,64,512,768,5,0.000654033
ScalarKernel,Float64,256^3,256,256,256,execute!,64,512,768,5,0.005041586
ScalarKernel,Float64,512^3,512,512,512,execute!,64,512,768,5,0.039099852
ScalarKernel,Float64,shallowK_256x24x256,256,24,256,execute!,64,512,768,5,0.000581075
ScalarKernel,Float64,64^3,64,64,64,execute!,64,512,1536,5,0.000087194
ScalarKernel,Float64,128^3,128,128,128,execute!,64,512,1536,5,0.000662274
ScalarKernel,Float64,256^3,256,256,256,execute!,64,512,1536,5,0.005030675
ScalarKernel,Float64,512^3,512,512,512,execute!,64,512,1536,5,0.039108270
ScalarKernel,Float64,shallowK_256x24x256,256,24,256,execute!,64,512,1536,5,0.000580396
ScalarKernel,Float64,64^3,64,64,64,execute!,64,512,3072,5,0.000088936
ScalarKernel,Float64,128^3,128,128,128,execute!,64,512,3072,5,0.000659525
ScalarKernel,Float64,256^3,256,256,256,execute!,64,512,3072,5,0.004983937
ScalarKernel,Float64,512^3,512,512,512,execute!,64,512,3072,5,0.039087462
ScalarKernel,Float64,shallowK_256x24x256,256,24,256,execute!,64,512,3072,5,0.000585848
ScalarKernel,Float64,64^3,64,64,64,execute!,128,512,768,5,0.000087513
ScalarKernel,Float64,128^3,128,128,128,execute!,128,512,768,5,0.000658542
ScalarKernel,Float64,256^3,256,256,256,execute!,128,512,768,5,0.005040243
ScalarKernel,Float64,512^3,512,512,512,execute!,128,512,768,5,0.039210299
ScalarKernel,Float64,shallowK_256x24x256,256,24,256,execute!,128,512,768,5,0.000601799
ScalarKernel,Float64,64^3,64,64,64,execute!,128,512,1536,5,0.000089571
ScalarKernel,Float64,128^3,128,128,128,execute!,128,512,1536,5,0.000669057
ScalarKernel,Float64,256^3,256,256,256,execute!,128,512,1536,5,0.005031980
ScalarKernel,Float64,512^3,512,512,512,execute!,128,512,1536,5,0.039200971
ScalarKernel,Float64,shallowK_256x24x256,256,24,256,execute!,128,512,1536,5,0.000581605
ScalarKernel,Float64,64^3,64,64,64,execute!,128,512,3072,5,0.000087206
ScalarKernel,Float64,128^3,128,128,128,execute!,128,512,3072,5,0.000667055
ScalarKernel,Float64,256^3,256,256,256,execute!,128,512,3072,5,0.005038174
ScalarKernel,Float64,512^3,512,512,512,execute!,128,512,3072,5,0.038959718
ScalarKernel,Float64,shallowK_256x24x256,256,24,256,execute!,128,512,3072,5,0.000578430
ScalarKernel,Float64,64^3,64,64,64,execute!,256,512,768,5,0.000087538
ScalarKernel,Float64,128^3,128,128,128,execute!,256,512,768,5,0.000656827
ScalarKernel,Float64,256^3,256,256,256,execute!,256,512,768,5,0.004972431
ScalarKernel,Float64,512^3,512,512,512,execute!,256,512,768,5,0.039438784
ScalarKernel,Float64,shallowK_256x24x256,256,24,256,execute!,256,512,768,5,0.000586306
ScalarKernel,Float64,64^3,64,64,64,execute!,256,512,1536,5,0.000089684
ScalarKernel,Float64,128^3,128,128,128,execute!,256,512,1536,5,0.000670145
ScalarKernel,Float64,256^3,256,256,256,execute!,256,512,1536,5,0.004997292
ScalarKernel,Float64,512^3,512,512,512,execute!,256,512,1536,5,0.039549621
ScalarKernel,Float64,shallowK_256x24x256,256,24,256,execute!,256,512,1536,5,0.000577101
ScalarKernel,Float64,64^3,64,64,64,execute!,256,512,3072,5,0.000089839
ScalarKernel,Float64,128^3,128,128,128,execute!,256,512,3072,5,0.000667740
ScalarKernel,Float64,256^3,256,256,256,execute!,256,512,3072,5,0.005008771
ScalarKernel,Float64,512^3,512,512,512,execute!,256,512,3072,5,0.039473487
ScalarKernel,Float64,shallowK_256x24x256,256,24,256,execute!,256,512,3072,5,0.000583903
ScalarKernel,Float64,64^3,64,64,64,execute!,512,512,768,5,0.000087882
ScalarKernel,Float64,128^3,128,128,128,execute!,512,512,768,5,0.000655764
ScalarKernel,Float64,256^3,256,256,256,execute!,512,512,768,5,0.004975736
ScalarKernel,Float64,512^3,512,512,512,execute!,512,512,768,5,0.039489489
ScalarKernel,Float64,shallowK_256x24x256,256,24,256,execute!,512,512,768,5,0.000576833
ScalarKernel,Float64,64^3,64,64,64,execute!,512,512,1536,5,0.000087065
ScalarKernel,Float64,128^3,128,128,128,execute!,512,512,1536,5,0.000652924
ScalarKernel,Float64,256^3,256,256,256,execute!,512,512,1536,5,0.005011103
ScalarKernel,Float64,512^3,512,512,512,execute!,512,512,1536,5,0.040191272
ScalarKernel,Float64,shallowK_256x24x256,256,24,256,execute!,512,512,1536,5,0.000579960
ScalarKernel,Float64,64^3,64,64,64,execute!,512,512,3072,5,0.000089438
ScalarKernel,Float64,128^3,128,128,128,execute!,512,512,3072,5,0.000665415
ScalarKernel,Float64,256^3,256,256,256,execute!,512,512,3072,5,0.004986242
ScalarKernel,Float64,512^3,512,512,512,execute!,512,512,3072,5,0.039448611
ScalarKernel,Float64,shallowK_256x24x256,256,24,256,execute!,512,512,3072,5,0.000597062
ScalarKernel,Float64,64^3,64,64,64,execute_tilewise!,128,256,3072,5,0.000148380
ScalarKernel,Float64,128^3,128,128,128,execute_tilewise!,128,256,3072,5,0.001131174
ScalarKernel,Float64,256^3,256,256,256,execute_tilewise!,128,256,3072,5,0.009002169
ScalarKernel,Float64,512^3,512,512,512,execute_tilewise!,128,256,3072,5,0.092849078
ScalarKernel,Float64,shallowK_256x24x256,256,24,256,execute_tilewise!,128,256,3072,5,0.001094104
ScalarKernel,Float32,64^3,64,64,64,execute!,96,192,1152,5,0.000104799
ScalarKernel,Float32,128^3,128,128,128,execute!,96,192,1152,5,0.000716659
ScalarKernel,Float32,256^3,256,256,256,execute!,96,192,1152,5,0.005626420
ScalarKernel,Float32,512^3,512,512,512,execute!,96,192,1152,5,0.041865362
ScalarKernel,Float32,shallowK_256x24x256,256,24,256,execute!,96,192,1152,5,0.000618315
ScalarKernel,Float32,64^3,64,64,64,execute!,96,192,2304,5,0.000095180
ScalarKernel,Float32,128^3,128,128,128,execute!,96,192,2304,5,0.000704836
ScalarKernel,Float32,256^3,256,256,256,execute!,96,192,2304,5,0.005426457
ScalarKernel,Float32,512^3,512,512,512,execute!,96,192,2304,5,0.040804841
ScalarKernel,Float32,shallowK_256x24x256,256,24,256,execute!,96,192,2304,5,0.000621720
ScalarKernel,Float32,64^3,64,64,64,execute!,96,192,4608,5,0.000094989
ScalarKernel,Float32,128^3,128,128,128,execute!,96,192,4608,5,0.000706581
ScalarKernel,Float32,256^3,256,256,256,execute!,96,192,4608,5,0.005417167
ScalarKernel,Float32,512^3,512,512,512,execute!,96,192,4608,5,0.040936123
ScalarKernel,Float32,shallowK_256x24x256,256,24,256,execute!,96,192,4608,5,0.000621768
ScalarKernel,Float32,64^3,64,64,64,execute!,192,192,1152,5,0.000094907
ScalarKernel,Float32,128^3,128,128,128,execute!,192,192,1152,5,0.000705978
ScalarKernel,Float32,256^3,256,256,256,execute!,192,192,1152,5,0.005400802
ScalarKernel,Float32,512^3,512,512,512,execute!,192,192,1152,5,0.040634123
ScalarKernel,Float32,shallowK_256x24x256,256,24,256,execute!,192,192,1152,5,0.000619622
ScalarKernel,Float32,64^3,64,64,64,execute!,192,192,2304,5,0.000094962
ScalarKernel,Float32,128^3,128,128,128,execute!,192,192,2304,5,0.000703572
ScalarKernel,Float32,256^3,256,256,256,execute!,192,192,2304,5,0.005382997
ScalarKernel,Float32,512^3,512,512,512,execute!,192,192,2304,5,0.040098434
ScalarKernel,Float32,shallowK_256x24x256,256,24,256,execute!,192,192,2304,5,0.000618054
ScalarKernel,Float32,64^3,64,64,64,execute!,192,192,4608,5,0.000094862
ScalarKernel,Float32,128^3,128,128,128,execute!,192,192,4608,5,0.000687489
ScalarKernel,Float32,256^3,256,256,256,execute!,192,192,4608,5,0.005332593
ScalarKernel,Float32,512^3,512,512,512,execute!,192,192,4608,5,0.040717440
ScalarKernel,Float32,shallowK_256x24x256,256,24,256,execute!,192,192,4608,5,0.000621468
ScalarKernel,Float32,64^3,64,64,64,execute!,384,192,1152,5,0.000096389
ScalarKernel,Float32,128^3,128,128,128,execute!,384,192,1152,5,0.000705917
ScalarKernel,Float32,256^3,256,256,256,execute!,384,192,1152,5,0.005410772
ScalarKernel,Float32,512^3,512,512,512,execute!,384,192,1152,5,0.040325903
ScalarKernel,Float32,shallowK_256x24x256,256,24,256,execute!,384,192,1152,5,0.000621455
ScalarKernel,Float32,64^3,64,64,64,execute!,384,192,2304,5,0.000094796
ScalarKernel,Float32,128^3,128,128,128,execute!,384,192,2304,5,0.000704684
ScalarKernel,Float32,256^3,256,256,256,execute!,384,192,2304,5,0.005382056
ScalarKernel,Float32,512^3,512,512,512,execute!,384,192,2304,5,0.040323696
ScalarKernel,Float32,shallowK_256x24x256,256,24,256,execute!,384,192,2304,5,0.000623759
ScalarKernel,Float32,64^3,64,64,64,execute!,384,192,4608,5,0.000096457
ScalarKernel,Float32,128^3,128,128,128,execute!,384,192,4608,5,0.000704402
ScalarKernel,Float32,256^3,256,256,256,execute!,384,192,4608,5,0.005380704
ScalarKernel,Float32,512^3,512,512,512,execute!,384,192,4608,5,0.040089329
ScalarKernel,Float32,shallowK_256x24x256,256,24,256,execute!,384,192,4608,5,0.000623218
ScalarKernel,Float32,64^3,64,64,64,execute!,768,192,1152,5,0.000095785
ScalarKernel,Float32,128^3,128,128,128,execute!,768,192,1152,5,0.000705899
ScalarKernel,Float32,256^3,256,256,256,execute!,768,192,1152,5,0.005367502
ScalarKernel,Float32,512^3,512,512,512,execute!,768,192,1152,5,0.039983317
ScalarKernel,Float32,shallowK_256x24x256,256,24,256,execute!,768,192,1152,5,0.000624059
ScalarKernel,Float32,64^3,64,64,64,execute!,768,192,2304,5,0.000096477
ScalarKernel,Float32,128^3,128,128,128,execute!,768,192,2304,5,0.000704974
ScalarKernel,Float32,256^3,256,256,256,execute!,768,192,2304,5,0.005379170
ScalarKernel,Float32,512^3,512,512,512,execute!,768,192,2304,5,0.040655517
ScalarKernel,Float32,shallowK_256x24x256,256,24,256,execute!,768,192,2304,5,0.000624283
ScalarKernel,Float32,64^3,64,64,64,execute!,768,192,4608,5,0.000094924
ScalarKernel,Float32,128^3,128,128,128,execute!,768,192,4608,5,0.000706132
ScalarKernel,Float32,256^3,256,256,256,execute!,768,192,4608,5,0.005378654
ScalarKernel,Float32,512^3,512,512,512,execute!,768,192,4608,5,0.040584741
ScalarKernel,Float32,shallowK_256x24x256,256,24,256,execute!,768,192,4608,5,0.000620815
ScalarKernel,Float32,64^3,64,64,64,execute!,96,384,1152,5,0.000094594
ScalarKernel,Float32,128^3,128,128,128,execute!,96,384,1152,5,0.000702933
ScalarKernel,Float32,256^3,256,256,256,execute!,96,384,1152,5,0.005299235
ScalarKernel,Float32,512^3,512,512,512,execute!,96,384,1152,5,0.041648590
ScalarKernel,Float32,shallowK_256x24x256,256,24,256,execute!,96,384,1152,5,0.000614989
ScalarKernel,Float32,64^3,64,64,64,execute!,96,384,2304,5,0.000094687
ScalarKernel,Float32,128^3,128,128,128,execute!,96,384,2304,5,0.000701483
ScalarKernel,Float32,256^3,256,256,256,execute!,96,384,2304,5,0.005293657
ScalarKernel,Float32,512^3,512,512,512,execute!,96,384,2304,5,0.041708053
ScalarKernel,Float32,shallowK_256x24x256,256,24,256,execute!,96,384,2304,5,0.000616795
ScalarKernel,Float32,64^3,64,64,64,execute!,96,384,4608,5,0.000096297
ScalarKernel,Float32,128^3,128,128,128,execute!,96,384,4608,5,0.000707020
ScalarKernel,Float32,256^3,256,256,256,execute!,96,384,4608,5,0.005306513
ScalarKernel,Float32,512^3,512,512,512,execute!,96,384,4608,5,0.041844305
ScalarKernel,Float32,shallowK_256x24x256,256,24,256,execute!,96,384,4608,5,0.000616056
ScalarKernel,Float32,64^3,64,64,64,execute!,192,384,1152,5,0.000094635
ScalarKernel,Float32,128^3,128,128,128,execute!,192,384,1152,5,0.000705558
ScalarKernel,Float32,256^3,256,256,256,execute!,192,384,1152,5,0.005318645
ScalarKernel,Float32,512^3,512,512,512,execute!,192,384,1152,5,0.041591714
ScalarKernel,Float32,shallowK_256x24x256,256,24,256,execute!,192,384,1152,5,0.000621877
ScalarKernel,Float32,64^3,64,64,64,execute!,192,384,2304,5,0.000096493
ScalarKernel,Float32,128^3,128,128,128,execute!,192,384,2304,5,0.000706108
ScalarKernel,Float32,256^3,256,256,256,execute!,192,384,2304,5,0.005251814
ScalarKernel,Float32,512^3,512,512,512,execute!,192,384,2304,5,0.041216442
ScalarKernel,Float32,shallowK_256x24x256,256,24,256,execute!,192,384,2304,5,0.000603352
ScalarKernel,Float32,64^3,64,64,64,execute!,192,384,4608,5,0.000097056
ScalarKernel,Float32,128^3,128,128,128,execute!,192,384,4608,5,0.000698448
ScalarKernel,Float32,256^3,256,256,256,execute!,192,384,4608,5,0.005302070
ScalarKernel,Float32,512^3,512,512,512,execute!,192,384,4608,5,0.041057947
ScalarKernel,Float32,shallowK_256x24x256,256,24,256,execute!,192,384,4608,5,0.000605638
ScalarKernel,Float32,64^3,64,64,64,execute!,384,384,1152,5,0.000095223
ScalarKernel,Float32,128^3,128,128,128,execute!,384,384,1152,5,0.000704504
ScalarKernel,Float32,256^3,256,256,256,execute!,384,384,1152,5,0.005211040
ScalarKernel,Float32,512^3,512,512,512,execute!,384,384,1152,5,0.041442531
ScalarKernel,Float32,shallowK_256x24x256,256,24,256,execute!,384,384,1152,5,0.000624877
ScalarKernel,Float32,64^3,64,64,64,execute!,384,384,2304,5,0.000095528
ScalarKernel,Float32,128^3,128,128,128,execute!,384,384,2304,5,0.000706248
ScalarKernel,Float32,256^3,256,256,256,execute!,384,384,2304,5,0.005315605
ScalarKernel,Float32,512^3,512,512,512,execute!,384,384,2304,5,0.041692524
ScalarKernel,Float32,shallowK_256x24x256,256,24,256,execute!,384,384,2304,5,0.000620120
ScalarKernel,Float32,64^3,64,64,64,execute!,384,384,4608,5,0.000094716
ScalarKernel,Float32,128^3,128,128,128,execute!,384,384,4608,5,0.000706749
ScalarKernel,Float32,256^3,256,256,256,execute!,384,384,4608,5,0.005309101
ScalarKernel,Float32,512^3,512,512,512,execute!,384,384,4608,5,0.041011317
ScalarKernel,Float32,shallowK_256x24x256,256,24,256,execute!,384,384,4608,5,0.000621307
ScalarKernel,Float32,64^3,64,64,64,execute!,768,384,1152,5,0.000095139
ScalarKernel,Float32,128^3,128,128,128,execute!,768,384,1152,5,0.000705422
ScalarKernel,Float32,256^3,256,256,256,execute!,768,384,1152,5,0.005314141
ScalarKernel,Float32,512^3,512,512,512,execute!,768,384,1152,5,0.040913632
ScalarKernel,Float32,shallowK_256x24x256,256,24,256,execute!,768,384,1152,5,0.000612633
ScalarKernel,Float32,64^3,64,64,64,execute!,768,384,2304,5,0.000095130
ScalarKernel,Float32,128^3,128,128,128,execute!,768,384,2304,5,0.000705541
ScalarKernel,Float32,256^3,256,256,256,execute!,768,384,2304,5,0.005294641
ScalarKernel,Float32,512^3,512,512,512,execute!,768,384,2304,5,0.041283566
ScalarKernel,Float32,shallowK_256x24x256,256,24,256,execute!,768,384,2304,5,0.000605584
ScalarKernel,Float32,64^3,64,64,64,execute!,768,384,4608,5,0.000094473
ScalarKernel,Float32,128^3,128,128,128,execute!,768,384,4608,5,0.000704961
ScalarKernel,Float32,256^3,256,256,256,execute!,768,384,4608,5,0.005296239
ScalarKernel,Float32,512^3,512,512,512,execute!,768,384,4608,5,0.040826370
ScalarKernel,Float32,shallowK_256x24x256,256,24,256,execute!,768,384,4608,5,0.000624522
ScalarKernel,Float32,64^3,64,64,64,execute!,96,768,1152,5,0.000096180
ScalarKernel,Float32,128^3,128,128,128,execute!,96,768,1152,5,0.000703844
ScalarKernel,Float32,256^3,256,256,256,execute!,96,768,1152,5,0.005248004
ScalarKernel,Float32,512^3,512,512,512,execute!,96,768,1152,5,0.040995213
ScalarKernel,Float32,shallowK_256x24x256,256,24,256,execute!,96,768,1152,5,0.000612580
ScalarKernel,Float32,64^3,64,64,64,execute!,96,768,2304,5,0.000096628
ScalarKernel,Float32,128^3,128,128,128,execute!,96,768,2304,5,0.000705687
ScalarKernel,Float32,256^3,256,256,256,execute!,96,768,2304,5,0.005200490
ScalarKernel,Float32,512^3,512,512,512,execute!,96,768,2304,5,0.040981441
ScalarKernel,Float32,shallowK_256x24x256,256,24,256,execute!,96,768,2304,5,0.000616778
ScalarKernel,Float32,64^3,64,64,64,execute!,96,768,4608,5,0.000094854
ScalarKernel,Float32,128^3,128,128,128,execute!,96,768,4608,5,0.000698926
ScalarKernel,Float32,256^3,256,256,256,execute!,96,768,4608,5,0.005223755
ScalarKernel,Float32,512^3,512,512,512,execute!,96,768,4608,5,0.040980003
ScalarKernel,Float32,shallowK_256x24x256,256,24,256,execute!,96,768,4608,5,0.000606096
ScalarKernel,Float32,64^3,64,64,64,execute!,192,768,1152,5,0.000096133
ScalarKernel,Float32,128^3,128,128,128,execute!,192,768,1152,5,0.000686987
ScalarKernel,Float32,256^3,256,256,256,execute!,192,768,1152,5,0.005212526
ScalarKernel,Float32,512^3,512,512,512,execute!,192,768,1152,5,0.040933770
ScalarKernel,Float32,shallowK_256x24x256,256,24,256,execute!,192,768,1152,5,0.000622044
ScalarKernel,Float32,64^3,64,64,64,execute!,192,768,2304,5,0.000096363
ScalarKernel,Float32,128^3,128,128,128,execute!,192,768,2304,5,0.000698997
ScalarKernel,Float32,256^3,256,256,256,execute!,192,768,2304,5,0.005256982
ScalarKernel,Float32,512^3,512,512,512,execute!,192,768,2304,5,0.040984107
ScalarKernel,Float32,shallowK_256x24x256,256,24,256,execute!,192,768,2304,5,0.000617962
ScalarKernel,Float32,64^3,64,64,64,execute!,192,768,4608,5,0.000096501
ScalarKernel,Float32,128^3,128,128,128,execute!,192,768,4608,5,0.000702374
ScalarKernel,Float32,256^3,256,256,256,execute!,192,768,4608,5,0.005251936
ScalarKernel,Float32,512^3,512,512,512,execute!,192,768,4608,5,0.041081074
ScalarKernel,Float32,shallowK_256x24x256,256,24,256,execute!,192,768,4608,5,0.000618621
ScalarKernel,Float32,64^3,64,64,64,execute!,384,768,1152,5,0.000094527
ScalarKernel,Float32,128^3,128,128,128,execute!,384,768,1152,5,0.000702927
ScalarKernel,Float32,256^3,256,256,256,execute!,384,768,1152,5,0.005288210
ScalarKernel,Float32,512^3,512,512,512,execute!,384,768,1152,5,0.040988126
ScalarKernel,Float32,shallowK_256x24x256,256,24,256,execute!,384,768,1152,5,0.000623092
ScalarKernel,Float32,64^3,64,64,64,execute!,384,768,2304,5,0.000095025
ScalarKernel,Float32,128^3,128,128,128,execute!,384,768,2304,5,0.000704006
ScalarKernel,Float32,256^3,256,256,256,execute!,384,768,2304,5,0.005181952
ScalarKernel,Float32,512^3,512,512,512,execute!,384,768,2304,5,0.041042654
ScalarKernel,Float32,shallowK_256x24x256,256,24,256,execute!,384,768,2304,5,0.000607188
ScalarKernel,Float32,64^3,64,64,64,execute!,384,768,4608,5,0.000095836
ScalarKernel,Float32,128^3,128,128,128,execute!,384,768,4608,5,0.000686087
ScalarKernel,Float32,256^3,256,256,256,execute!,384,768,4608,5,0.005253443
ScalarKernel,Float32,512^3,512,512,512,execute!,384,768,4608,5,0.041211252
ScalarKernel,Float32,shallowK_256x24x256,256,24,256,execute!,384,768,4608,5,0.000607470
ScalarKernel,Float32,64^3,64,64,64,execute!,768,768,1152,5,0.000095962
ScalarKernel,Float32,128^3,128,128,128,execute!,768,768,1152,5,0.000703339
ScalarKernel,Float32,256^3,256,256,256,execute!,768,768,1152,5,0.005208216
ScalarKernel,Float32,512^3,512,512,512,execute!,768,768,1152,5,0.041079057
ScalarKernel,Float32,shallowK_256x24x256,256,24,256,execute!,768,768,1152,5,0.000613191
ScalarKernel,Float32,64^3,64,64,64,execute!,768,768,2304,5,0.000094530
ScalarKernel,Float32,128^3,128,128,128,execute!,768,768,2304,5,0.000704211
ScalarKernel,Float32,256^3,256,256,256,execute!,768,768,2304,5,0.005275223
ScalarKernel,Float32,512^3,512,512,512,execute!,768,768,2304,5,0.041248446
ScalarKernel,Float32,shallowK_256x24x256,256,24,256,execute!,768,768,2304,5,0.000617440
ScalarKernel,Float32,64^3,64,64,64,execute!,768,768,4608,5,0.000095214
ScalarKernel,Float32,128^3,128,128,128,execute!,768,768,4608,5,0.000702185
ScalarKernel,Float32,256^3,256,256,256,execute!,768,768,4608,5,0.005205808
ScalarKernel,Float32,512^3,512,512,512,execute!,768,768,4608,5,0.041337499
ScalarKernel,Float32,shallowK_256x24x256,256,24,256,execute!,768,768,4608,5,0.000617754
ScalarKernel,Float32,64^3,64,64,64,execute_tilewise!,192,384,4608,5,0.000156548
ScalarKernel,Float32,128^3,128,128,128,execute_tilewise!,192,384,4608,5,0.001225197
ScalarKernel,Float32,256^3,256,256,256,execute_tilewise!,192,384,4608,5,0.009281401
ScalarKernel,Float32,512^3,512,512,512,execute_tilewise!,192,384,4608,5,0.084939031
ScalarKernel,Float32,shallowK_256x24x256,256,24,256,execute_tilewise!,192,384,4608,5,0.001097691
SIMDKernel,Float64,64^3,64,64,64,execute!,64,128,768,5,0.000025161
SIMDKernel,Float64,128^3,128,128,128,execute!,64,128,768,5,0.000144877
SIMDKernel,Float64,256^3,256,256,256,execute!,64,128,768,5,0.001085040
SIMDKernel,Float64,512^3,512,512,512,execute!,64,128,768,5,0.008406966
SIMDKernel,Float64,shallowK_256x24x256,256,24,256,execute!,64,128,768,5,0.000198045
SIMDKernel,Float64,64^3,64,64,64,execute!,64,128,1536,5,0.000025920
SIMDKernel,Float64,128^3,128,128,128,execute!,64,128,1536,5,0.000144923
SIMDKernel,Float64,256^3,256,256,256,execute!,64,128,1536,5,0.001089803
SIMDKernel,Float64,512^3,512,512,512,execute!,64,128,1536,5,0.008382258
SIMDKernel,Float64,shallowK_256x24x256,256,24,256,execute!,64,128,1536,5,0.000198606
SIMDKernel,Float64,64^3,64,64,64,execute!,64,128,3072,5,0.000025855
SIMDKernel,Float64,128^3,128,128,128,execute!,64,128,3072,5,0.000145156
SIMDKernel,Float64,256^3,256,256,256,execute!,64,128,3072,5,0.001073249
SIMDKernel,Float64,512^3,512,512,512,execute!,64,128,3072,5,0.008432708
SIMDKernel,Float64,shallowK_256x24x256,256,24,256,execute!,64,128,3072,5,0.000199241
SIMDKernel,Float64,64^3,64,64,64,execute!,128,128,768,5,0.000025799
SIMDKernel,Float64,128^3,128,128,128,execute!,128,128,768,5,0.000141238
SIMDKernel,Float64,256^3,256,256,256,execute!,128,128,768,5,0.001086193
SIMDKernel,Float64,512^3,512,512,512,execute!,128,128,768,5,0.008299740
SIMDKernel,Float64,shallowK_256x24x256,256,24,256,execute!,128,128,768,5,0.000203786
SIMDKernel,Float64,64^3,64,64,64,execute!,128,128,1536,5,0.000025920
SIMDKernel,Float64,128^3,128,128,128,execute!,128,128,1536,5,0.000331086
SIMDKernel,Float64,256^3,256,256,256,execute!,128,128,1536,5,0.001614729
SIMDKernel,Float64,512^3,512,512,512,execute!,128,128,1536,5,0.008298446
SIMDKernel,Float64,shallowK_256x24x256,256,24,256,execute!,128,128,1536,5,0.000203062
SIMDKernel,Float64,64^3,64,64,64,execute!,128,128,3072,5,0.000025190
SIMDKernel,Float64,128^3,128,128,128,execute!,128,128,3072,5,0.000144280
SIMDKernel,Float64,256^3,256,256,256,execute!,128,128,3072,5,0.001061612
SIMDKernel,Float64,512^3,512,512,512,execute!,128,128,3072,5,0.008264323
SIMDKernel,Float64,shallowK_256x24x256,256,24,256,execute!,128,128,3072,5,0.000203743
SIMDKernel,Float64,64^3,64,64,64,execute!,256,128,768,5,0.000025831
SIMDKernel,Float64,128^3,128,128,128,execute!,256,128,768,5,0.000140615
SIMDKernel,Float64,256^3,256,256,256,execute!,256,128,768,5,0.001078738
SIMDKernel,Float64,512^3,512,512,512,execute!,256,128,768,5,0.008234411
SIMDKernel,Float64,shallowK_256x24x256,256,24,256,execute!,256,128,768,5,0.000203344
SIMDKernel,Float64,64^3,64,64,64,execute!,256,128,1536,5,0.000025948
SIMDKernel,Float64,128^3,128,128,128,execute!,256,128,1536,5,0.000144334
SIMDKernel,Float64,256^3,256,256,256,execute!,256,128,1536,5,0.001081689
SIMDKernel,Float64,512^3,512,512,512,execute!,256,128,1536,5,0.008263014
SIMDKernel,Float64,shallowK_256x24x256,256,24,256,execute!,256,128,1536,5,0.000201721
SIMDKernel,Float64,64^3,64,64,64,execute!,256,128,3072,5,0.000025986
SIMDKernel,Float64,128^3,128,128,128,execute!,256,128,3072,5,0.000143600
SIMDKernel,Float64,256^3,256,256,256,execute!,256,128,3072,5,0.001053220
SIMDKernel,Float64,512^3,512,512,512,execute!,256,128,3072,5,0.008313116
SIMDKernel,Float64,shallowK_256x24x256,256,24,256,execute!,256,128,3072,5,0.000197912
SIMDKernel,Float64,64^3,64,64,64,execute!,512,128,768,5,0.000025313
SIMDKernel,Float64,128^3,128,128,128,execute!,512,128,768,5,0.000141462
SIMDKernel,Float64,256^3,256,256,256,execute!,512,128,768,5,0.001060346
SIMDKernel,Float64,512^3,512,512,512,execute!,512,128,768,5,0.008337678
SIMDKernel,Float64,shallowK_256x24x256,256,24,256,execute!,512,128,768,5,0.000203249
SIMDKernel,Float64,64^3,64,64,64,execute!,512,128,1536,5,0.000026123
SIMDKernel,Float64,128^3,128,128,128,execute!,512,128,1536,5,0.000144802
SIMDKernel,Float64,256^3,256,256,256,execute!,512,128,1536,5,0.001090692
SIMDKernel,Float64,512^3,512,512,512,execute!,512,128,1536,5,0.008275172
SIMDKernel,Float64,shallowK_256x24x256,256,24,256,execute!,512,128,1536,5,0.000203318
SIMDKernel,Float64,64^3,64,64,64,execute!,512,128,3072,5,0.000026030
SIMDKernel,Float64,128^3,128,128,128,execute!,512,128,3072,5,0.000141695
SIMDKernel,Float64,256^3,256,256,256,execute!,512,128,3072,5,0.001061904
SIMDKernel,Float64,512^3,512,512,512,execute!,512,128,3072,5,0.008317994
SIMDKernel,Float64,shallowK_256x24x256,256,24,256,execute!,512,128,3072,5,0.000202457
SIMDKernel,Float64,64^3,64,64,64,execute!,64,256,768,5,0.000025907
SIMDKernel,Float64,128^3,128,128,128,execute!,64,256,768,5,0.000142043
SIMDKernel,Float64,256^3,256,256,256,execute!,64,256,768,5,0.000960845
SIMDKernel,Float64,512^3,512,512,512,execute!,64,256,768,5,0.007321256
SIMDKernel,Float64,shallowK_256x24x256,256,24,256,execute!,64,256,768,5,0.000193132
SIMDKernel,Float64,64^3,64,64,64,execute!,64,256,1536,5,0.000025985
SIMDKernel,Float64,128^3,128,128,128,execute!,64,256,1536,5,0.000145561
SIMDKernel,Float64,256^3,256,256,256,execute!,64,256,1536,5,0.000963140
SIMDKernel,Float64,512^3,512,512,512,execute!,64,256,1536,5,0.007435208
SIMDKernel,Float64,shallowK_256x24x256,256,24,256,execute!,64,256,1536,5,0.000200034
SIMDKernel,Float64,64^3,64,64,64,execute!,64,256,3072,5,0.000025948
SIMDKernel,Float64,128^3,128,128,128,execute!,64,256,3072,5,0.000145400
SIMDKernel,Float64,256^3,256,256,256,execute!,64,256,3072,5,0.000965343
SIMDKernel,Float64,512^3,512,512,512,execute!,64,256,3072,5,0.007429581
SIMDKernel,Float64,shallowK_256x24x256,256,24,256,execute!,64,256,3072,5,0.000193451
SIMDKernel,Float64,64^3,64,64,64,execute!,128,256,768,5,0.000025353
SIMDKernel,Float64,128^3,128,128,128,execute!,128,256,768,5,0.000144845
SIMDKernel,Float64,256^3,256,256,256,execute!,128,256,768,5,0.000959684
SIMDKernel,Float64,512^3,512,512,512,execute!,128,256,768,5,0.007241722
SIMDKernel,Float64,shallowK_256x24x256,256,24,256,execute!,128,256,768,5,0.000200769
SIMDKernel,Float64,64^3,64,64,64,execute!,128,256,1536,5,0.000025897
SIMDKernel,Float64,128^3,128,128,128,execute!,128,256,1536,5,0.000145096
SIMDKernel,Float64,256^3,256,256,256,execute!,128,256,1536,5,0.000945699
SIMDKernel,Float64,512^3,512,512,512,execute!,128,256,1536,5,0.007291540
SIMDKernel,Float64,shallowK_256x24x256,256,24,256,execute!,128,256,1536,5,0.000198748
SIMDKernel,Float64,64^3,64,64,64,execute!,128,256,3072,5,0.000025820
SIMDKernel,Float64,128^3,128,128,128,execute!,128,256,3072,5,0.000144502
SIMDKernel,Float64,256^3,256,256,256,execute!,128,256,3072,5,0.000963540
SIMDKernel,Float64,512^3,512,512,512,execute!,128,256,3072,5,0.007211481
SIMDKernel,Float64,shallowK_256x24x256,256,24,256,execute!,128,256,3072,5,0.000200194
SIMDKernel,Float64,64^3,64,64,64,execute!,256,256,768,5,0.000025889
SIMDKernel,Float64,128^3,128,128,128,execute!,256,256,768,5,0.000144367
SIMDKernel,Float64,256^3,256,256,256,execute!,256,256,768,5,0.000938448
SIMDKernel,Float64,512^3,512,512,512,execute!,256,256,768,5,0.007147570
SIMDKernel,Float64,shallowK_256x24x256,256,24,256,execute!,256,256,768,5,0.000197412
SIMDKernel,Float64,64^3,64,64,64,execute!,256,256,1536,5,0.000025125
SIMDKernel,Float64,128^3,128,128,128,execute!,256,256,1536,5,0.000140856
SIMDKernel,Float64,256^3,256,256,256,execute!,256,256,1536,5,0.000960430
SIMDKernel,Float64,512^3,512,512,512,execute!,256,256,1536,5,0.007228114
SIMDKernel,Float64,shallowK_256x24x256,256,24,256,execute!,256,256,1536,5,0.000197145
SIMDKernel,Float64,64^3,64,64,64,execute!,256,256,3072,5,0.000025226
SIMDKernel,Float64,128^3,128,128,128,execute!,256,256,3072,5,0.000140671
SIMDKernel,Float64,256^3,256,256,256,execute!,256,256,3072,5,0.000935582
SIMDKernel,Float64,512^3,512,512,512,execute!,256,256,3072,5,0.007204669
SIMDKernel,Float64,shallowK_256x24x256,256,24,256,execute!,256,256,3072,5,0.000201572
SIMDKernel,Float64,64^3,64,64,64,execute!,512,256,768,5,0.000025241
SIMDKernel,Float64,128^3,128,128,128,execute!,512,256,768,5,0.000331756
SIMDKernel,Float64,256^3,256,256,256,execute!,512,256,768,5,0.001425133
SIMDKernel,Float64,512^3,512,512,512,execute!,512,256,768,5,0.008102558
SIMDKernel,Float64,shallowK_256x24x256,256,24,256,execute!,512,256,768,5,0.000197602
SIMDKernel,Float64,64^3,64,64,64,execute!,512,256,1536,5,0.000025202
SIMDKernel,Float64,128^3,128,128,128,execute!,512,256,1536,5,0.000140666
SIMDKernel,Float64,256^3,256,256,256,execute!,512,256,1536,5,0.000938046
SIMDKernel,Float64,512^3,512,512,512,execute!,512,256,1536,5,0.008260611
SIMDKernel,Float64,shallowK_256x24x256,256,24,256,execute!,512,256,1536,5,0.000197356
SIMDKernel,Float64,64^3,64,64,64,execute!,512,256,3072,5,0.000025227
SIMDKernel,Float64,128^3,128,128,128,execute!,512,256,3072,5,0.000144598
SIMDKernel,Float64,256^3,256,256,256,execute!,512,256,3072,5,0.000933146
SIMDKernel,Float64,512^3,512,512,512,execute!,512,256,3072,5,0.008171818
SIMDKernel,Float64,shallowK_256x24x256,256,24,256,execute!,512,256,3072,5,0.000197966
SIMDKernel,Float64,64^3,64,64,64,execute!,64,512,768,5,0.000025211
SIMDKernel,Float64,128^3,128,128,128,execute!,64,512,768,5,0.000141189
SIMDKernel,Float64,256^3,256,256,256,execute!,64,512,768,5,0.000962713
SIMDKernel,Float64,512^3,512,512,512,execute!,64,512,768,5,0.006923523
SIMDKernel,Float64,shallowK_256x24x256,256,24,256,execute!,64,512,768,5,0.000192103
SIMDKernel,Float64,64^3,64,64,64,execute!,64,512,1536,5,0.000025155
SIMDKernel,Float64,128^3,128,128,128,execute!,64,512,1536,5,0.000141191
SIMDKernel,Float64,256^3,256,256,256,execute!,64,512,1536,5,0.000941796
SIMDKernel,Float64,512^3,512,512,512,execute!,64,512,1536,5,0.006856115
SIMDKernel,Float64,shallowK_256x24x256,256,24,256,execute!,64,512,1536,5,0.000192360
SIMDKernel,Float64,64^3,64,64,64,execute!,64,512,3072,5,0.000025152
SIMDKernel,Float64,128^3,128,128,128,execute!,64,512,3072,5,0.000141253
SIMDKernel,Float64,256^3,256,256,256,execute!,64,512,3072,5,0.000940060
SIMDKernel,Float64,512^3,512,512,512,execute!,64,512,3072,5,0.006866024
SIMDKernel,Float64,shallowK_256x24x256,256,24,256,execute!,64,512,3072,5,0.000194833
SIMDKernel,Float64,64^3,64,64,64,execute!,128,512,768,5,0.000025212
SIMDKernel,Float64,128^3,128,128,128,execute!,128,512,768,5,0.000140935
SIMDKernel,Float64,256^3,256,256,256,execute!,128,512,768,5,0.000963339
SIMDKernel,Float64,512^3,512,512,512,execute!,128,512,768,5,0.006902353
SIMDKernel,Float64,shallowK_256x24x256,256,24,256,execute!,128,512,768,5,0.000202858
SIMDKernel,Float64,64^3,64,64,64,execute!,128,512,1536,5,0.000025841
SIMDKernel,Float64,128^3,128,128,128,execute!,128,512,1536,5,0.000144252
SIMDKernel,Float64,256^3,256,256,256,execute!,128,512,1536,5,0.000956176
SIMDKernel,Float64,512^3,512,512,512,execute!,128,512,1536,5,0.006867550
SIMDKernel,Float64,shallowK_256x24x256,256,24,256,execute!,128,512,1536,5,0.000201594
SIMDKernel,Float64,64^3,64,64,64,execute!,128,512,3072,5,0.000025878
SIMDKernel,Float64,128^3,128,128,128,execute!,128,512,3072,5,0.000144874
SIMDKernel,Float64,256^3,256,256,256,execute!,128,512,3072,5,0.000930118
SIMDKernel,Float64,512^3,512,512,512,execute!,128,512,3072,5,0.006870568
SIMDKernel,Float64,shallowK_256x24x256,256,24,256,execute!,128,512,3072,5,0.000197112
SIMDKernel,Float64,64^3,64,64,64,execute!,256,512,768,5,0.000025909
SIMDKernel,Float64,128^3,128,128,128,execute!,256,512,768,5,0.000141000
SIMDKernel,Float64,256^3,256,256,256,execute!,256,512,768,5,0.000978212
SIMDKernel,Float64,512^3,512,512,512,execute!,256,512,768,5,0.007970894
SIMDKernel,Float64,shallowK_256x24x256,256,24,256,execute!,256,512,768,5,0.000197983
SIMDKernel,Float64,64^3,64,64,64,execute!,256,512,1536,5,0.000025927
SIMDKernel,Float64,128^3,128,128,128,execute!,256,512,1536,5,0.000145725
SIMDKernel,Float64,256^3,256,256,256,execute!,256,512,1536,5,0.000958361
SIMDKernel,Float64,512^3,512,512,512,execute!,256,512,1536,5,0.007837179
SIMDKernel,Float64,shallowK_256x24x256,256,24,256,execute!,256,512,1536,5,0.000203050
SIMDKernel,Float64,64^3,64,64,64,execute!,256,512,3072,5,0.000025936
SIMDKernel,Float64,128^3,128,128,128,execute!,256,512,3072,5,0.000145742
SIMDKernel,Float64,256^3,256,256,256,execute!,256,512,3072,5,0.000967620
SIMDKernel,Float64,512^3,512,512,512,execute!,256,512,3072,5,0.007933880
SIMDKernel,Float64,shallowK_256x24x256,256,24,256,execute!,256,512,3072,5,0.000199084
SIMDKernel,Float64,64^3,64,64,64,execute!,512,512,768,5,0.000025348
SIMDKernel,Float64,128^3,128,128,128,execute!,512,512,768,5,0.000145064
SIMDKernel,Float64,256^3,256,256,256,execute!,512,512,768,5,0.000962323
SIMDKernel,Float64,512^3,512,512,512,execute!,512,512,768,5,0.008905530
SIMDKernel,Float64,shallowK_256x24x256,256,24,256,execute!,512,512,768,5,0.000202414
SIMDKernel,Float64,64^3,64,64,64,execute!,512,512,1536,5,0.000025270
SIMDKernel,Float64,128^3,128,128,128,execute!,512,512,1536,5,0.000144926
SIMDKernel,Float64,256^3,256,256,256,execute!,512,512,1536,5,0.000967791
SIMDKernel,Float64,512^3,512,512,512,execute!,512,512,1536,5,0.008926605
SIMDKernel,Float64,shallowK_256x24x256,256,24,256,execute!,512,512,1536,5,0.000202841
SIMDKernel,Float64,64^3,64,64,64,execute!,512,512,3072,5,0.000025275
SIMDKernel,Float64,128^3,128,128,128,execute!,512,512,3072,5,0.000145804
SIMDKernel,Float64,256^3,256,256,256,execute!,512,512,3072,5,0.000935062
SIMDKernel,Float64,512^3,512,512,512,execute!,512,512,3072,5,0.008752611
SIMDKernel,Float64,shallowK_256x24x256,256,24,256,execute!,512,512,3072,5,0.000198175
SIMDKernel,Float64,64^3,64,64,64,execute_tilewise!,128,256,3072,5,0.000089415
SIMDKernel,Float64,128^3,128,128,128,execute_tilewise!,128,256,3072,5,0.000656861
SIMDKernel,Float64,256^3,256,256,256,execute_tilewise!,128,256,3072,5,0.005183145
SIMDKernel,Float64,512^3,512,512,512,execute_tilewise!,128,256,3072,5,0.058453978
SIMDKernel,Float64,shallowK_256x24x256,256,24,256,execute_tilewise!,128,256,3072,5,0.000674603
SIMDKernel,Float32,64^3,64,64,64,execute!,96,192,1152,5,0.000021288
SIMDKernel,Float32,128^3,128,128,128,execute!,96,192,1152,5,0.000112016
SIMDKernel,Float32,256^3,256,256,256,execute!,96,192,1152,5,0.000816856
SIMDKernel,Float32,512^3,512,512,512,execute!,96,192,1152,5,0.005869809
SIMDKernel,Float32,shallowK_256x24x256,256,24,256,execute!,96,192,1152,5,0.000180239
SIMDKernel,Float32,64^3,64,64,64,execute!,96,192,2304,5,0.000021822
SIMDKernel,Float32,128^3,128,128,128,execute!,96,192,2304,5,0.000114950
SIMDKernel,Float32,256^3,256,256,256,execute!,96,192,2304,5,0.000832603
SIMDKernel,Float32,512^3,512,512,512,execute!,96,192,2304,5,0.005842128
SIMDKernel,Float32,shallowK_256x24x256,256,24,256,execute!,96,192,2304,5,0.000176397
SIMDKernel,Float32,64^3,64,64,64,execute!,96,192,4608,5,0.000021278
SIMDKernel,Float32,128^3,128,128,128,execute!,96,192,4608,5,0.000112186
SIMDKernel,Float32,256^3,256,256,256,execute!,96,192,4608,5,0.000829647
SIMDKernel,Float32,512^3,512,512,512,execute!,96,192,4608,5,0.005828996
SIMDKernel,Float32,shallowK_256x24x256,256,24,256,execute!,96,192,4608,5,0.000175768
SIMDKernel,Float32,64^3,64,64,64,execute!,192,192,1152,5,0.000021280
SIMDKernel,Float32,128^3,128,128,128,execute!,192,192,1152,5,0.000114657
SIMDKernel,Float32,256^3,256,256,256,execute!,192,192,1152,5,0.000812576
SIMDKernel,Float32,512^3,512,512,512,execute!,192,192,1152,5,0.005704620
SIMDKernel,Float32,shallowK_256x24x256,256,24,256,execute!,192,192,1152,5,0.000175660
SIMDKernel,Float32,64^3,64,64,64,execute!,192,192,2304,5,0.000021803
SIMDKernel,Float32,128^3,128,128,128,execute!,192,192,2304,5,0.000112040
SIMDKernel,Float32,256^3,256,256,256,execute!,192,192,2304,5,0.000803528
SIMDKernel,Float32,512^3,512,512,512,execute!,192,192,2304,5,0.005693015
SIMDKernel,Float32,shallowK_256x24x256,256,24,256,execute!,192,192,2304,5,0.000175613
SIMDKernel,Float32,64^3,64,64,64,execute!,192,192,4608,5,0.000021260
SIMDKernel,Float32,128^3,128,128,128,execute!,192,192,4608,5,0.000248376
SIMDKernel,Float32,256^3,256,256,256,execute!,192,192,4608,5,0.001190842
SIMDKernel,Float32,512^3,512,512,512,execute!,192,192,4608,5,0.005746354
SIMDKernel,Float32,shallowK_256x24x256,256,24,256,execute!,192,192,4608,5,0.000180065
SIMDKernel,Float32,64^3,64,64,64,execute!,384,192,1152,5,0.000021254
SIMDKernel,Float32,128^3,128,128,128,execute!,384,192,1152,5,0.000111907
SIMDKernel,Float32,256^3,256,256,256,execute!,384,192,1152,5,0.000821167
SIMDKernel,Float32,512^3,512,512,512,execute!,384,192,1152,5,0.005692247
SIMDKernel,Float32,shallowK_256x24x256,256,24,256,execute!,384,192,1152,5,0.000174370
SIMDKernel,Float32,64^3,64,64,64,execute!,384,192,2304,5,0.000021284
SIMDKernel,Float32,128^3,128,128,128,execute!,384,192,2304,5,0.000111938
SIMDKernel,Float32,256^3,256,256,256,execute!,384,192,2304,5,0.000802474
SIMDKernel,Float32,512^3,512,512,512,execute!,384,192,2304,5,0.005704138
SIMDKernel,Float32,shallowK_256x24x256,256,24,256,execute!,384,192,2304,5,0.000174606
SIMDKernel,Float32,64^3,64,64,64,execute!,384,192,4608,5,0.000021812
SIMDKernel,Float32,128^3,128,128,128,execute!,384,192,4608,5,0.000111672
SIMDKernel,Float32,256^3,256,256,256,execute!,384,192,4608,5,0.000816416
SIMDKernel,Float32,512^3,512,512,512,execute!,384,192,4608,5,0.005694907
SIMDKernel,Float32,shallowK_256x24x256,256,24,256,execute!,384,192,4608,5,0.000174310
SIMDKernel,Float32,64^3,64,64,64,execute!,768,192,1152,5,0.000021269
SIMDKernel,Float32,128^3,128,128,128,execute!,768,192,1152,5,0.000111873
SIMDKernel,Float32,256^3,256,256,256,execute!,768,192,1152,5,0.000826144
SIMDKernel,Float32,512^3,512,512,512,execute!,768,192,1152,5,0.005731742
SIMDKernel,Float32,shallowK_256x24x256,256,24,256,execute!,768,192,1152,5,0.000174244
SIMDKernel,Float32,64^3,64,64,64,execute!,768,192,2304,5,0.000021274
SIMDKernel,Float32,128^3,128,128,128,execute!,768,192,2304,5,0.000235069
SIMDKernel,Float32,256^3,256,256,256,execute!,768,192,2304,5,0.001144220
SIMDKernel,Float32,512^3,512,512,512,execute!,768,192,2304,5,0.005654275
SIMDKernel,Float32,shallowK_256x24x256,256,24,256,execute!,768,192,2304,5,0.000178733
SIMDKernel,Float32,64^3,64,64,64,execute!,768,192,4608,5,0.000021814
SIMDKernel,Float32,128^3,128,128,128,execute!,768,192,4608,5,0.000262793
SIMDKernel,Float32,256^3,256,256,256,execute!,768,192,4608,5,0.001232532
SIMDKernel,Float32,512^3,512,512,512,execute!,768,192,4608,5,0.005751412
SIMDKernel,Float32,shallowK_256x24x256,256,24,256,execute!,768,192,4608,5,0.000178697
SIMDKernel,Float32,64^3,64,64,64,execute!,96,384,1152,5,0.000021843
SIMDKernel,Float32,128^3,128,128,128,execute!,96,384,1152,5,0.000114977
SIMDKernel,Float32,256^3,256,256,256,execute!,96,384,1152,5,0.000678128
SIMDKernel,Float32,512^3,512,512,512,execute!,96,384,1152,5,0.005206207
SIMDKernel,Float32,shallowK_256x24x256,256,24,256,execute!,96,384,1152,5,0.000175673
SIMDKernel,Float32,64^3,64,64,64,execute!,96,384,2304,5,0.000021290
SIMDKernel,Float32,128^3,128,128,128,execute!,96,384,2304,5,0.000112238
SIMDKernel,Float32,256^3,256,256,256,execute!,96,384,2304,5,0.000663954
SIMDKernel,Float32,512^3,512,512,512,execute!,96,384,2304,5,0.005154867
SIMDKernel,Float32,shallowK_256x24x256,256,24,256,execute!,96,384,2304,5,0.000176608
SIMDKernel,Float32,64^3,64,64,64,execute!,96,384,4608,5,0.000021284
SIMDKernel,Float32,128^3,128,128,128,execute!,96,384,4608,5,0.000112285
SIMDKernel,Float32,256^3,256,256,256,execute!,96,384,4608,5,0.000681901
SIMDKernel,Float32,512^3,512,512,512,execute!,96,384,4608,5,0.005173854
SIMDKernel,Float32,shallowK_256x24x256,256,24,256,execute!,96,384,4608,5,0.000175795
SIMDKernel,Float32,64^3,64,64,64,execute!,192,384,1152,5,0.000021255
SIMDKernel,Float32,128^3,128,128,128,execute!,192,384,1152,5,0.000114535
SIMDKernel,Float32,256^3,256,256,256,execute!,192,384,1152,5,0.000680165
SIMDKernel,Float32,512^3,512,512,512,execute!,192,384,1152,5,0.005159175
SIMDKernel,Float32,shallowK_256x24x256,256,24,256,execute!,192,384,1152,5,0.000174981
SIMDKernel,Float32,64^3,64,64,64,execute!,192,384,2304,5,0.000021278
SIMDKernel,Float32,128^3,128,128,128,execute!,192,384,2304,5,0.000111713
SIMDKernel,Float32,256^3,256,256,256,execute!,192,384,2304,5,0.000676165
SIMDKernel,Float32,512^3,512,512,512,execute!,192,384,2304,5,0.005201190
SIMDKernel,Float32,shallowK_256x24x256,256,24,256,execute!,192,384,2304,5,0.000179584
SIMDKernel,Float32,64^3,64,64,64,execute!,192,384,4608,5,0.000021834
SIMDKernel,Float32,128^3,128,128,128,execute!,192,384,4608,5,0.000114760
SIMDKernel,Float32,256^3,256,256,256,execute!,192,384,4608,5,0.000670135
SIMDKernel,Float32,512^3,512,512,512,execute!,192,384,4608,5,0.005108460
SIMDKernel,Float32,shallowK_256x24x256,256,24,256,execute!,192,384,4608,5,0.000179496
SIMDKernel,Float32,64^3,64,64,64,execute!,384,384,1152,5,0.000021278
SIMDKernel,Float32,128^3,128,128,128,execute!,384,384,1152,5,0.000111681
SIMDKernel,Float32,256^3,256,256,256,execute!,384,384,1152,5,0.000676341
SIMDKernel,Float32,512^3,512,512,512,execute!,384,384,1152,5,0.005108013
SIMDKernel,Float32,shallowK_256x24x256,256,24,256,execute!,384,384,1152,5,0.000174231
SIMDKernel,Float32,64^3,64,64,64,execute!,384,384,2304,5,0.000021247
SIMDKernel,Float32,128^3,128,128,128,execute!,384,384,2304,5,0.000111614
SIMDKernel,Float32,256^3,256,256,256,execute!,384,384,2304,5,0.000664579
SIMDKernel,Float32,512^3,512,512,512,execute!,384,384,2304,5,0.005121933
SIMDKernel,Float32,shallowK_256x24x256,256,24,256,execute!,384,384,2304,5,0.000174339
SIMDKernel,Float32,64^3,64,64,64,execute!,384,384,4608,5,0.000021807
SIMDKernel,Float32,128^3,128,128,128,execute!,384,384,4608,5,0.000114760
SIMDKernel,Float32,256^3,256,256,256,execute!,384,384,4608,5,0.000678734
SIMDKernel,Float32,512^3,512,512,512,execute!,384,384,4608,5,0.005200088
SIMDKernel,Float32,shallowK_256x24x256,256,24,256,execute!,384,384,4608,5,0.000174403
SIMDKernel,Float32,64^3,64,64,64,execute!,768,384,1152,5,0.000021265
SIMDKernel,Float32,128^3,128,128,128,execute!,768,384,1152,5,0.000114744
SIMDKernel,Float32,256^3,256,256,256,execute!,768,384,1152,5,0.000673358
SIMDKernel,Float32,512^3,512,512,512,execute!,768,384,1152,5,0.005181570
SIMDKernel,Float32,shallowK_256x24x256,256,24,256,execute!,768,384,1152,5,0.000174332
SIMDKernel,Float32,64^3,64,64,64,execute!,768,384,2304,5,0.000021282
SIMDKernel,Float32,128^3,128,128,128,execute!,768,384,2304,5,0.000111666
SIMDKernel,Float32,256^3,256,256,256,execute!,768,384,2304,5,0.000675724
SIMDKernel,Float32,512^3,512,512,512,execute!,768,384,2304,5,0.005152603
SIMDKernel,Float32,shallowK_256x24x256,256,24,256,execute!,768,384,2304,5,0.000174731
SIMDKernel,Float32,64^3,64,64,64,execute!,768,384,4608,5,0.000021293
SIMDKernel,Float32,128^3,128,128,128,execute!,768,384,4608,5,0.000111657
SIMDKernel,Float32,256^3,256,256,256,execute!,768,384,4608,5,0.000661438
SIMDKernel,Float32,512^3,512,512,512,execute!,768,384,4608,5,0.005130833
SIMDKernel,Float32,shallowK_256x24x256,256,24,256,execute!,768,384,4608,5,0.000178655
SIMDKernel,Float32,64^3,64,64,64,execute!,96,768,1152,5,0.000021822
SIMDKernel,Float32,128^3,128,128,128,execute!,96,768,1152,5,0.000114828
SIMDKernel,Float32,256^3,256,256,256,execute!,96,768,1152,5,0.000681751
SIMDKernel,Float32,512^3,512,512,512,execute!,96,768,1152,5,0.004548828
SIMDKernel,Float32,shallowK_256x24x256,256,24,256,execute!,96,768,1152,5,0.000175594
SIMDKernel,Float32,64^3,64,64,64,execute!,96,768,2304,5,0.000021269
SIMDKernel,Float32,128^3,128,128,128,execute!,96,768,2304,5,0.000112102
SIMDKernel,Float32,256^3,256,256,256,execute!,96,768,2304,5,0.000664388
SIMDKernel,Float32,512^3,512,512,512,execute!,96,768,2304,5,0.004581537
SIMDKernel,Float32,shallowK_256x24x256,256,24,256,execute!,96,768,2304,5,0.000175732
SIMDKernel,Float32,64^3,64,64,64,execute!,96,768,4608,5,0.000021289
SIMDKernel,Float32,128^3,128,128,128,execute!,96,768,4608,5,0.000112106
SIMDKernel,Float32,256^3,256,256,256,execute!,96,768,4608,5,0.000665330
SIMDKernel,Float32,512^3,512,512,512,execute!,96,768,4608,5,0.004567343
SIMDKernel,Float32,shallowK_256x24x256,256,24,256,execute!,96,768,4608,5,0.000180212
SIMDKernel,Float32,64^3,64,64,64,execute!,192,768,1152,5,0.000021248
SIMDKernel,Float32,128^3,128,128,128,execute!,192,768,1152,5,0.000111676
SIMDKernel,Float32,256^3,256,256,256,execute!,192,768,1152,5,0.000663515
SIMDKernel,Float32,512^3,512,512,512,execute!,192,768,1152,5,0.004552911
SIMDKernel,Float32,shallowK_256x24x256,256,24,256,execute!,192,768,1152,5,0.000174915
SIMDKernel,Float32,64^3,64,64,64,execute!,192,768,2304,5,0.000021287
SIMDKernel,Float32,128^3,128,128,128,execute!,192,768,2304,5,0.000114626
SIMDKernel,Float32,256^3,256,256,256,execute!,192,768,2304,5,0.000677199
SIMDKernel,Float32,512^3,512,512,512,execute!,192,768,2304,5,0.004606913
SIMDKernel,Float32,shallowK_256x24x256,256,24,256,execute!,192,768,2304,5,0.000179578
SIMDKernel,Float32,64^3,64,64,64,execute!,192,768,4608,5,0.000021813
SIMDKernel,Float32,128^3,128,128,128,execute!,192,768,4608,5,0.000114822
SIMDKernel,Float32,256^3,256,256,256,execute!,192,768,4608,5,0.000668395
SIMDKernel,Float32,512^3,512,512,512,execute!,192,768,4608,5,0.004567687
SIMDKernel,Float32,shallowK_256x24x256,256,24,256,execute!,192,768,4608,5,0.000175108
SIMDKernel,Float32,64^3,64,64,64,execute!,384,768,1152,5,0.000021280
SIMDKernel,Float32,128^3,128,128,128,execute!,384,768,1152,5,0.000114546
SIMDKernel,Float32,256^3,256,256,256,execute!,384,768,1152,5,0.000674803
SIMDKernel,Float32,512^3,512,512,512,execute!,384,768,1152,5,0.004640714
SIMDKernel,Float32,shallowK_256x24x256,256,24,256,execute!,384,768,1152,5,0.000174405
SIMDKernel,Float32,64^3,64,64,64,execute!,384,768,2304,5,0.000021277
SIMDKernel,Float32,128^3,128,128,128,execute!,384,768,2304,5,0.000111844
SIMDKernel,Float32,256^3,256,256,256,execute!,384,768,2304,5,0.000674325
SIMDKernel,Float32,512^3,512,512,512,execute!,384,768,2304,5,0.004586545
SIMDKernel,Float32,shallowK_256x24x256,256,24,256,execute!,384,768,2304,5,0.000178760
SIMDKernel,Float32,64^3,64,64,64,execute!,384,768,4608,5,0.000021819
SIMDKernel,Float32,128^3,128,128,128,execute!,384,768,4608,5,0.000249228
SIMDKernel,Float32,256^3,256,256,256,execute!,384,768,4608,5,0.001031294
SIMDKernel,Float32,512^3,512,512,512,execute!,384,768,4608,5,0.004715947
SIMDKernel,Float32,shallowK_256x24x256,256,24,256,execute!,384,768,4608,5,0.000174404
SIMDKernel,Float32,64^3,64,64,64,execute!,768,768,1152,5,0.000021261
SIMDKernel,Float32,128^3,128,128,128,execute!,768,768,1152,5,0.000111652
SIMDKernel,Float32,256^3,256,256,256,execute!,768,768,1152,5,0.000678727
SIMDKernel,Float32,512^3,512,512,512,execute!,768,768,1152,5,0.004856034
SIMDKernel,Float32,shallowK_256x24x256,256,24,256,execute!,768,768,1152,5,0.000179171
SIMDKernel,Float32,64^3,64,64,64,execute!,768,768,2304,5,0.000021835
SIMDKernel,Float32,128^3,128,128,128,execute!,768,768,2304,5,0.000114503
SIMDKernel,Float32,256^3,256,256,256,execute!,768,768,2304,5,0.000674551
SIMDKernel,Float32,512^3,512,512,512,execute!,768,768,2304,5,0.004830802
SIMDKernel,Float32,shallowK_256x24x256,256,24,256,execute!,768,768,2304,5,0.000178622
SIMDKernel,Float32,64^3,64,64,64,execute!,768,768,4608,5,0.000021799
SIMDKernel,Float32,128^3,128,128,128,execute!,768,768,4608,5,0.000111735
SIMDKernel,Float32,256^3,256,256,256,execute!,768,768,4608,5,0.000678415
SIMDKernel,Float32,512^3,512,512,512,execute!,768,768,4608,5,0.004818221
SIMDKernel,Float32,shallowK_256x24x256,256,24,256,execute!,768,768,4608,5,0.000174399
SIMDKernel,Float32,64^3,64,64,64,execute_tilewise!,192,384,4608,5,0.000083807
SIMDKernel,Float32,128^3,128,128,128,execute_tilewise!,192,384,4608,5,0.000616655
SIMDKernel,Float32,256^3,256,256,256,execute_tilewise!,192,384,4608,5,0.004631539
SIMDKernel,Float32,512^3,512,512,512,execute_tilewise!,192,384,4608,5,0.047684233
SIMDKernel,Float32,shallowK_256x24x256,256,24,256,execute_tilewise!,192,384,4608,5,0.000651908
mul!,Float64,64^3,64,64,64,mul!,0,0,0,5,0.000005469
mul!,Float64,128^3,128,128,128,mul!,0,0,0,5,0.000063169
mul!,Float64,256^3,256,256,256,mul!,0,0,0,5,0.000460056
mul!,Float64,512^3,512,512,512,mul!,0,0,0,5,0.003147680
mul!,Float64,shallowK_256x24x256,256,24,256,mul!,0,0,0,5,0.000047395
mul!,Float32,64^3,64,64,64,mul!,0,0,0,5,0.000002636
mul!,Float32,128^3,128,128,128,mul!,0,0,0,5,0.000029429
mul!,Float32,256^3,256,256,256,mul!,0,0,0,5,0.000200486
mul!,Float32,512^3,512,512,512,mul!,0,0,0,5,0.001489836
mul!,Float32,shallowK_256x24x256,256,24,256,mul!,0,0,0,5,0.000026014
ScalarKernel,Float64,1024x256x1024,1024,256,1024,execute!,128,256,3072,5,0.080002296
ScalarKernel,Float64,1024x256x1024,1024,256,1024,execute_tilewise!,128,256,3072,5,0.176428332
mul!,Float64,1024x256x1024,1024,256,1024,mul!,0,0,0,5,0.006139932
ScalarKernel,Float64,scattered_a64k64b16n64,64,64,64,execute!,128,256,3072,5,0.001447614
ScalarKernel,Float64,scattered_a64k64b16n64,64,64,64,execute_tilewise!,128,256,3072,5,0.002463327
ScalarKernel,Float32,1024x256x1024,1024,256,1024,execute!,192,384,4608,5,0.084968873
ScalarKernel,Float32,1024x256x1024,1024,256,1024,execute_tilewise!,192,384,4608,5,0.180085139
mul!,Float32,1024x256x1024,1024,256,1024,mul!,0,0,0,5,0.003141443
ScalarKernel,Float32,scattered_a64k64b16n64,64,64,64,execute!,192,384,4608,5,0.001500964
ScalarKernel,Float32,scattered_a64k64b16n64,64,64,64,execute_tilewise!,192,384,4608,5,0.002585825
SIMDKernel,Float64,1024x256x1024,1024,256,1024,execute!,128,256,3072,5,0.014921450
SIMDKernel,Float64,1024x256x1024,1024,256,1024,execute_tilewise!,128,256,3072,5,0.107425483
SIMDKernel,Float64,scattered_a64k64b16n64,64,64,64,execute!,128,256,3072,5,0.000362144
SIMDKernel,Float64,scattered_a64k64b16n64,64,64,64,execute_tilewise!,128,256,3072,5,0.001468714
SIMDKernel,Float32,1024x256x1024,1024,256,1024,execute!,192,384,4608,5,0.009874100
SIMDKernel,Float32,1024x256x1024,1024,256,1024,execute_tilewise!,192,384,4608,5,0.101763720
SIMDKernel,Float32,scattered_a64k64b16n64,64,64,64,execute!,192,384,4608,5,0.000300653
SIMDKernel,Float32,scattered_a64k64b16n64,64,64,64,execute_tilewise!,192,384,4608,5,0.001405278
